{"status": "ok", "avg_time_to_churn": 396.0605320036948, "min_time_to_churn": 2.3327092859286243, "urgent_customers": [{"customer_id": 7660, "age": 71, "tenure": 61, "plan_type": "premium", "monthly_usage": 67.85958356235568, "engagement_score": 0.5940680151627792, "complaints": 1, "payment_delay": 8.571551684823685, "usage_volatility": 0.9590370074407444, "shock_flag": 1, "treatment_flag": 0, "discount_percent": 0, "CLV": 8217.156270320691, "retention_cost": 119.34766315326796, "churn": 1, "time_to_churn": 5.7038453411748415, "charge_ratio": 0.0082572758816263, "risk_behavior_score": 0.3893037959627698, "service_pain_index": 8.571551684823685, "value_density": 132.53477855355953, "treatment_value_ratio": 0.0, "churn_probability": 0.9760599732398987, "churn_prediction": 1, "p_if_treated": 0.12197145074605942, "p_if_control": 0.7691895365715027, "uplift_score": 0.6472181081771851, "best_action": 1, "predicted_time_to_churn": 5.7038453411748415, "risk_score_time": 4.837891872146214, "risk": 0.9760599732398987, "uplift": 0.6472181081771851, "urgency_score": 0.7120290488452055}, {"customer_id": 4494, "age": 52, "tenure": 49, "plan_type": "basic", "monthly_usage": 61.31434505598925, "engagement_score": 0.18538991392703, "complaints": 0, "payment_delay": 14.096329907154615, "usage_volatility": 0.8787714171289077, "shock_flag": 0, "treatment_flag": 0, "discount_percent": 0, "CLV": 6028.188278344676, "retention_cost": 149.89271914670627, "churn": 1, "time_to_churn": 5.8367680098416965, "charge_ratio": 0.0101695853944742, "risk_behavior_score": 0.7158560597458453, "service_pain_index": 0.0, "value_density": 120.56376556689352, "treatment_value_ratio": 0.0, "churn_probability": 0.9832216501235962, "churn_prediction": 1, "p_if_treated": 0.20581398904323578, "p_if_control": 0.8241443037986755, "uplift_score": 0.6183302998542786, "best_action": 1, "predicted_time_to_churn": 5.8367680098416965, "risk_score_time": 4.707607821056041, "risk": 0.9832216501235962, "uplift": 0.6183302998542786, "urgency_score": 0.7063635455294994}, {"customer_id": 6126, "age": 18, "tenure": 5, "plan_type": "basic", "monthly_usage": 82.26707385852629, "engagement_score": 0.2303057398553763, "complaints": 2, "payment_delay": 7.666275686156856, "usage_volatility": 0.8788027226852432, "shock_flag": 0, "treatment_flag": 0, "discount_percent": 0, "CLV": 853.5592631059827, "retention_cost": 69.5582488867237, "churn": 1, "time_to_churn": 8.241852003115532, "charge_ratio": 0.0962684244501876, "risk_behavior_score": 0.6764094114502992, "service_pain_index": 15.332551372313713, "value_density": 142.25987718433046, "treatment_value_ratio": 0.0, "churn_probability": 0.9928317070007324, "churn_prediction": 1, "p_if_treated": 0.12247560918331146, "p_if_control": 0.737569272518158, "uplift_score": 0.6150936484336853, "best_action": 1, "predicted_time_to_churn": 8.241852003115532, "risk_score_time": 3.5316753735297595, "risk": 0.9928317070007324, "uplift": 0.6150936484336853, "urgency_score": 0.7025846500445021}, {"customer_id": 5542, "age": 60, "tenure": 13, "plan_type": "plus", "monthly_usage": 56.343584883932, "engagement_score": 0.9258422425161696, "complaints": 3, "payment_delay": 12.203519945759822, "usage_volatility": 0.631196157105935, "shock_flag": 0, "treatment_flag": 0, "discount_percent": 0, "CLV": 1403.5339589494902, "retention_cost": 37.29882455231292, "churn": 1, "time_to_churn": 15.768750302770036, "charge_ratio": 0.0401155020317726, "risk_behavior_score": 0.0468080915433876, "service_pain_index": 36.61055983727947, "value_density": 100.2524256392493, "treatment_value_ratio": 0.0, "churn_probability": 0.983803391456604, "churn_prediction": 1, "p_if_treated": 0.15575389564037323, "p_if_control": 0.815521776676178, "uplift_score": 0.6597678661346436, "best_action": 1, "predicted_time_to_churn": 15.768750302770036, "risk_score_time": 2.1640128486494477, "risk": 0.983803391456604, "uplift": 0.6597678661346436, "urgency_score": 0.7017590385630215}, {"customer_id": 5229, "age": 55, "tenure": 21, "plan_type": "plus", "monthly_usage": 55.73970601546529, "engagement_score": 0.1984256713729539, "complaints": 0, "payment_delay": 6.640265634591422, "usage_volatility": 0.614925160321686, "shock_flag": 0, "treatment_flag": 0, "discount_percent": 0, "CLV": 2370.9119395361595, "retention_cost": 23.51248080797909, "churn": 1, "time_to_churn": 21.56083864778764, "charge_ratio": 0.0234999053237893, "risk_behavior_score": 0.4929082225407341, "service_pain_index": 0.0, "value_density": 107.76872452437088, "treatment_value_ratio": 0.0, "churn_probability": 0.9672446250915527, "churn_prediction": 1, "p_if_treated": 0.05860867351293564, "p_if_control": 0.7272470593452454, "uplift_score": 0.6686384081840515, "best_action": 1, "predicted_time_to_churn": 21.56083864778764, "risk_score_time": 1.8118164892990312, "risk": 0.9672446250915527, "uplift": 0.6686384081840515, "urgency_score": 0.693078795405784}, {"customer_id": 5360, "age": 67, "tenure": 22, "plan_type": "premium", "monthly_usage": 29.34599944565917, "engagement_score": 0.5703171028641535, "complaints": 1, "payment_delay": 9.189860638655963, "usage_volatility": 0.6190338904635895, "shock_flag": 1, "treatment_flag": 0, "discount_percent": 0, "CLV": 1347.250433144576, "retention_cost": 79.64406456496248, "churn": 1, "time_to_churn": 9.378357650811903, "charge_ratio": 0.0217659855500393, "risk_behavior_score": 0.2659882754796694, "service_pain_index": 9.189860638655963, "value_density": 58.57610578889461, "treatment_value_ratio": 0.0, "churn_probability": 0.9654571413993835, "churn_prediction": 1, "p_if_treated": 0.13467884063720703, "p_if_control": 0.7698832750320435, "uplift_score": 0.6352044343948364, "best_action": 1, "predicted_time_to_churn": 9.378357650811903, "risk_score_time": 3.194591682759684, "risk": 0.9654571413993835, "uplift": 0.6352044343948364, "urgency_score": 0.6925607668785538}, {"customer_id": 7955, "age": 24, "tenure": 37, "plan_type": "basic", "monthly_usage": 74.92251933827899, "engagement_score": 0.2424298336725068, "complaints": 0, "payment_delay": 10.974420647488294, "usage_volatility": 0.6288905019435405, "shock_flag": 0, "treatment_flag": 0, "discount_percent": 0, "CLV": 5589.132808123746, "retention_cost": 39.887524514199725, "churn": 0, "time_to_churn": 12.487985949955398, "charge_ratio": 0.0134026367368945, "risk_behavior_score": 0.4764286821591486, "service_pain_index": 0.0, "value_density": 147.08244231904595, "treatment_value_ratio": 0.0, "churn_probability": 0.9590790867805481, "churn_prediction": 1, "p_if_treated": 0.15958797931671143, "p_if_control": 0.8003063797950745, "uplift_score": 0.640718400478363, "best_action": 1, "predicted_time_to_churn": 12.487985949955398, "risk_score_time": 2.553396019663506, "risk": 0.9590790867805481, "uplift": 0.640718400478363, "urgency_score": 0.6865830861556469}, {"customer_id": 6221, "age": 66, "tenure": 55, "plan_type": "premium", "monthly_usage": 31.719013774314192, "engagement_score": 0.5708032185288934, "complaints": 3, "payment_delay": 7.620096887037613, "usage_volatility": 0.6312899909320319, "shock_flag": 0, "treatment_flag": 0, "discount_percent": 0, "CLV": 3525.0072785339607, "retention_cost": 107.46535596986736, "churn": 1, "time_to_churn": 14.778431720532623, "charge_ratio": 0.0089957312247813, "risk_behavior_score": 0.2709476322829521, "service_pain_index": 22.86029066111284, "value_density": 62.946558545249296, "treatment_value_ratio": 0.0, "churn_probability": 0.9637675881385803, "churn_prediction": 1, "p_if_treated": 0.18583625555038452, "p_if_control": 0.8217366337776184, "uplift_score": 0.6359003782272339, "best_action": 1, "predicted_time_to_churn": 14.778431720532623, "risk_score_time": 2.2697530133926063, "risk": 0.9637675881385803, "uplift": 0.6359003782272339, "urgency_score": 0.6853294444722572}, {"customer_id": 5518, "age": 36, "tenure": 49, "plan_type": "premium", "monthly_usage": 49.5542922275577, "engagement_score": 0.3221646768036807, "complaints": 4,