{"status": "ok", "avg_time_to_churn": 225.84251470168005, "min_time_to_churn": 0.5096473291081004, "urgent_customers": [{"customer_id": 135, "age": 51, "tenure": 69, "plan_type": "premium", "monthly_usage": 84.93912928389548, "engagement_score": 0.5255156783155576, "complaints": 4, "payment_delay": 3.02913986487591, "usage_volatility": 0.8509625212245839, "shock_flag": 1, "treatment_flag": 0, "discount_percent": 0, "CLV": 10000.0, "retention_cost": 121.80016902391436, "churn": 1, "time_to_churn": 2.3001323077985365, "tenure_years": 5.75, "churn_probability": 0.9903678894042969, "churn_prediction": 1, "p_if_treated": 0.1471319943666458, "p_if_control": 0.9085296988487244, "uplift_score": 0.7613977193832397, "best_action": 1, "predicted_time_to_churn": 2.3001323077985365, "risk_score_time": 11.368162562580263, "risk": 0.9903678894042969, "uplift": 0.7613977193832397, "urgency_score": 0.7842068794043806}, {"customer_id": 13844, "age": 18, "tenure": 13, "plan_type": "plus", "monthly_usage": 30.504390046358854, "engagement_score": 0.2762576368875877, "complaints": 2, "payment_delay": 7.572972374891608, "usage_volatility": 0.7524937726772704, "shock_flag": 1, "treatment_flag": 0, "discount_percent": 0, "CLV": 781.5457753578154, "retention_cost": 84.54623972014704, "churn": 1, "time_to_churn": 2.7652207787101672, "tenure_years": 1.0833333333333333, "churn_probability": 0.9824562072753906, "churn_prediction": 1, "p_if_treated": 0.19355209171772003, "p_if_control": 0.8742063641548157, "uplift_score": 0.6806542873382568, "best_action": 1, "predicted_time_to_churn": 2.7652207787101672, "risk_score_time": 9.634965151132143, "risk": 0.9824562072753906, "uplift": 0.6806542873382568, "urgency_score": 0.7485421130404089}, {"customer_id": 6468, "age": 57, "tenure": 14, "plan_type": "premium", "monthly_usage": 56.66657778960855, "engagement_score": 0.4180602719305368, "complaints": 3, "payment_delay": 15.231018526377955, "usage_volatility": 0.7337579241623791, "shock_flag": 1, "treatment_flag": 0, "discount_percent": 0, "CLV": 1691.9870692904535, "retention_cost": 23.01268669476424, "churn": 1, "time_to_churn": 1.1939728481884546, "tenure_years": 1.1666666666666667, "churn_probability": 0.9915075302124023, "churn_prediction": 1, "p_if_treated": 0.3568095266819, "p_if_control": 0.8948566317558289, "uplift_score": 0.5380470752716064, "best_action": 1, "predicted_time_to_churn": 1.1939728481884546, "risk_score_time": 21.869818487871207, "risk": 0.9915075302124023, "uplift": 0.5380470752716064, "urgency_score": 0.7483267424900693}, {"customer_id": 3591, "age": 22, "tenure": 57, "plan_type": "premium", "monthly_usage": 76.1620758999581, "engagement_score": 0.1328436113261982, "complaints": 3, "payment_delay": 3.1490763808701017, "usage_volatility": 0.8926381272299999, "shock_flag": 0, "treatment_flag": 0, "discount_percent": 0, "CLV": 8752.48403531974, "retention_cost": 84.4726511245548, "churn": 1, "time_to_churn": 2.9432710582783725, "tenure_years": 4.75, "churn_probability": 0.9863806366920471, "churn_prediction": 1, "p_if_treated": 0.13482479751110077, "p_if_control": 0.7832781076431274, "uplift_score": 0.6484532952308655, "best_action": 1, "predicted_time_to_churn": 2.9432710582783725, "risk_score_time": 9.08913442723185, "risk": 0.9863806366920471, "uplift": 0.6484532952308655, "urgency_score": 0.7384456320774682}, {"customer_id": 6507, "age": 60, "tenure": 12, "plan_type": "plus", "monthly_usage": 63.93696177279678, "engagement_score": 0.0941999826586563, "complaints": 0, "payment_delay": 19.26172880435768, "usage_volatility": 0.8878354473704287, "shock_flag": 0, "treatment_flag": 0, "discount_percent": 0, "CLV": 1494.2609783401351, "retention_cost": 25.232962787118872, "churn": 1, "time_to_churn": 1.4587569726271143, "tenure_years": 1.0, "churn_probability": 0.9736230969429016, "churn_prediction": 1, "p_if_treated": 0.3736429214477539, "p_if_control": 0.940609335899353, "uplift_score": 0.5669664144515991, "best_action": 1, "predicted_time_to_churn": 1.4587569726271143, "risk_score_time": 18.120026831937732, "risk": 0.9736230969429016, "uplift": 0.5669664144515991, "urgency_score": 0.7382433934936421}, {"customer_id": 4365, "age": 71, "tenure": 11, "plan_type": "plus", "monthly_usage": 46.31597692596227, "engagement_score": 0.0957579219336724, "complaints": 2, "payment_delay": 10.913027593774448, "usage_volatility": 0.9197478804969886, "shock_flag": 0, "treatment_flag": 0, "discount_percent": 0, "CLV": 949.6733184858653, "retention_cost": 133.6472355695286, "churn": 1, "time_to_churn": 1.920609861478067, "tenure_years": 0.9166666666666666, "churn_probability": 0.985027551651001, "churn_prediction": 1, "p_if_treated": 0.18330052495002747, "p_if_control": 0.7720362544059753, "uplift_score": 0.5887356996536255, "best_action": 1, "predicted_time_to_churn": 1.920609861478067, "risk_score_time": 13.301008490684561, "risk": 0.985027551651001, "uplift": 0.5887356996536255, "urgency_score": 0.737613346063163}, {"customer_id": 4666, "age": 61, "tenure": 23, "plan_type": "plus", "monthly_usage": 23.70395648044074, "engagement_score": 0.333115844253032, "complaints": 2, "payment_delay": 6.420356770915131, "usage_volatility": 0.9122928465748666, "shock_flag": 1, "treatment_flag": 0, "discount_percent": 0, "CLV": 1031.1786486171093, "retention_cost": 42.52152695611476, "churn": 0, "time_to_churn": 2.5641431342996683, "tenure_years": 1.9166666666666667, "churn_probability": 0.9919662475585938, "churn_prediction": 1, "p_if_treated": 0.16896285116672516, "p_if_control": 0.7756160497665405, "uplift_score": 0.6066532135009766, "best_action": 1, "predicted_time_to_churn": 2.5641431342996683, "risk_score_time": 10.309204795208768, "risk": 0.9919662475585938, "uplift": 0.6066532135009766, "urgency_score": 0.734093580833837}, {"customer_id": 13389, "age": 59, "tenure": 69, "plan_type": "basic", "monthly_usage": 75.51039214618463, "engagement_score": 0.2736520851500035, "complaints": 2, "payment_delay": 1.8070790468977296, "usage_volatility": 0.8229506715388117, "shock_flag": 1, "treatment_flag": 1, "discount_percent": 20, "CLV": 10000.0, "retention_cost": 89.52854357977932, "churn": 0, "time_to_churn": 4.884434601236411, "tenure_years": 5.75, "churn_probability": 0.9430227279663086, "churn_prediction": 1, "p_if_treated": 0.08606866002082825, "p_if_control": 0.8309109210968018, "uplift_score": 0.7448422908782959, "best_action": 1, "predicted_time_to_churn": 4.884434601236411, "risk_score_time": 5.756429490437906, "risk": 0.9430227279663086, "uplift": 0.7448422908782959, "urgency_score": 0.7289520235078993}, {"customer_id": 10981, "age": 61, "tenure": 47, "plan_type": "basic", "monthly_usage": 94.25960955878698, "engagement_score": 0.2885264041567563, "complaints": 2, "payment_delay": 7.117064365221668, "usage_volatility": 0.8769287084208328, "shock_flag": 0, "treatment_flag": 0, "discount_percent": 0, "CLV": 8845.952785753829, "retention_cost": 70.01679985966979, "churn": 1, "time_to_churn": 3.1355885806694257, "tenure_years": 3.9166666666666665, "churn_probability": 0.9936089515686035, "churn_prediction": 1, "p_if_treated": 0.09464993327856064, "p_if_control": 0.707044780254364, "uplift_score": 0.6123948693275452, "best_action": 1, "predicted_time_to_churn": 3.1355885806694257, "risk_score_time": 8.70331492544906, "risk": 0.9936089515686035, "uplift": 0.6123948693275452, "urgency_score": 0.7288836286941437}, {"customer_id": 7236, "age": 43, "tenure": 67, "plan_type": "plus", "monthly_usage": 69.36378689275179, "engagement_score": 0.4234343427887745, "complaints": 0, "payment_delay": 2.0558220471534736, "usage_volatility": 0.9921766598373264, "shock_flag": 1, "treatment_flag": 0, "discount_percent": 0, "CLV": 9367.539491470245, "retention_cost": 103.37172308135268, "churn": 0, "time_to_churn": 5.094205194279333, "tenure_years": 5.583333333333333, "churn_probability": 0.9379013776779175, "churn_prediction": 1, "p_if_treated": 0.05085843428969383, "p_if_control": 0.8038138747215271,