{"status": "ok", "avg_time_to_churn": 387.58421777074824, "min_time_to_churn": 2.13904109360361, "urgent_customers": [{"customer_id": 2352, "age": 71, "tenure": 3, "plan_type": "plus", "monthly_usage": 43.170160340489794, "engagement_score": 0.2385655024213394, "complaints": 0, "payment_delay": 1.9936537618148047, "usage_volatility": 0.7159738272297981, "shock_flag": 1, "treatment_flag": 0, "discount_percent": 0, "CLV": 268.4788044198757, "retention_cost": 126.73863487062492, "churn": 1, "time_to_churn": 14.045319358731245, "charge_ratio": 0.1601987229883439, "risk_behavior_score": 0.5451671714161921, "service_pain_index": 0.0, "value_density": 67.11970110496893, "treatment_value_ratio": 0.0, "churn_probability": 0.9834426045417786, "churn_prediction": 1, "p_if_treated": 0.05018163472414017, "p_if_control": 0.7373932600021362, "uplift_score": 0.6872116327285767, "best_action": 1, "predicted_time_to_churn": 14.045319358731245, "risk_score_time": 2.345361625813667, "risk": 0.9834426045417786, "uplift": 0.6872116327285767, "urgency_score": 0.7111779688515112}, {"customer_id": 738, "age": 34, "tenure": 33, "plan_type": "premium", "monthly_usage": 30.25756224827239, "engagement_score": 0.1896399861976378, "complaints": 1, "payment_delay": 12.268462896762813, "usage_volatility": 0.6247999101901324, "shock_flag": 1, "treatment_flag": 0, "discount_percent": 0, "CLV": 1963.1966334713247, "retention_cost": 94.2485442298226, "churn": 1, "time_to_churn": 4.701838034569038, "charge_ratio": 0.0154045484717068, "risk_behavior_score": 0.5063128638453903, "service_pain_index": 12.268462896762813, "value_density": 57.74107745503896, "treatment_value_ratio": 0.0, "churn_probability": 0.9897329211235046, "churn_prediction": 1, "p_if_treated": 0.1396026611328125, "p_if_control": 0.7434350848197937, "uplift_score": 0.6038324236869812, "best_action": 1, "predicted_time_to_churn": 4.701838034569038, "risk_score_time": 5.970702155749621, "risk": 0.9897329211235046, "uplift": 0.6038324236869812, "urgency_score": 0.7110926199919242}, {"customer_id": 3021, "age": 31, "tenure": 2, "plan_type": "basic", "monthly_usage": 48.161131672182655, "engagement_score": 0.1724449391600633, "complaints": 0, "payment_delay": 5.363485132542248, "usage_volatility": 0.6856781548473773, "shock_flag": 1, "treatment_flag": 0, "discount_percent": 0, "CLV": 194.1431817213727, "retention_cost": 53.85897669711453, "churn": 1, "time_to_churn": 8.878684672508186, "charge_ratio": 0.2467989465342815, "risk_behavior_score": 0.5674364271513368, "service_pain_index": 0.0, "value_density": 64.71439390712423, "treatment_value_ratio": 0.0, "churn_probability": 0.9929800629615784, "churn_prediction": 1, "p_if_treated": 0.18008366227149963, "p_if_control": 0.8004571795463562, "uplift_score": 0.6203734874725342, "best_action": 1, "predicted_time_to_churn": 8.878684672508186, "risk_score_time": 3.3380248593897974, "risk": 0.9929800629615784, "uplift": 0.6203734874725342, "urgency_score": 0.7028476582044169}, {"customer_id": 3882, "age": 73, "tenure": 20, "plan_type": "basic", "monthly_usage": 48.4967617547238, "engagement_score": 0.1871179817951662, "complaints": 1, "payment_delay": 7.882932135767811, "usage_volatility": 0.6555645865646849, "shock_flag": 1, "treatment_flag": 0, "discount_percent": 0, "CLV": 1888.418155665788, "retention_cost": 29.53698981744715, "churn": 1, "time_to_churn": 6.2310775469864215, "charge_ratio": 0.0256675641701106, "risk_behavior_score": 0.5328966641903184, "service_pain_index": 7.882932135767811, "value_density": 89.92467407932324, "treatment_value_ratio": 0.0, "churn_probability": 0.9897499680519104, "churn_prediction": 1, "p_if_treated": 0.13428524136543274, "p_if_control": 0.7211064100265503, "uplift_score": 0.5868211984634399, "best_action": 1, "predicted_time_to_churn": 6.2310775469864215, "risk_score_time": 4.419982794121633, "risk": 0.9897499680519104, "uplift": 0.5868211984634399, "urgency_score": 0.6985797208121802}, {"customer_id": 619, "age": 18, "tenure": 13, "plan_type": "premium", "monthly_usage": 71.69461407191308, "engagement_score": 0.3701039778122189, "complaints": 2, "payment_delay": 8.401858009966281, "usage_volatility": 0.9430101290788994, "shock_flag": 0, "treatment_flag": 0, "discount_percent": 0, "CLV": 1895.817498165524, "retention_cost": 100.34751683465156, "churn": 1, "time_to_churn": 8.301501762323781, "charge_ratio": 0.0377973179503306, "risk_behavior_score": 0.5939983291895848, "service_pain_index": 16.803716019932562, "value_density": 135.4155355832517, "treatment_value_ratio": 0.0, "churn_probability": 0.9390692710876465, "churn_prediction": 1, "p_if_treated": 0.13118307292461395, "p_if_control": 0.7897948026657104, "uplift_score": 0.6586117148399353, "best_action": 1, "predicted_time_to_churn": 8.301501762323781, "risk_score_time": 3.511920805921678, "risk": 0.9390692710876465, "uplift": 0.6586117148399353, "urgency_score": 0.6886200959395231}, {"customer_id": 316, "age": 74, "tenure": 17, "plan_type": "basic", "monthly_usage": 24.805268597160616, "engagement_score": 0.2895476986686108, "complaints": 1, "payment_delay": 9.124305749210208, "usage_volatility": 0.6589255431996476, "shock_flag": 1, "treatment_flag": 0, "discount_percent": 0, "CLV": 912.4671521008512, "retention_cost": 130.87966229270816, "churn": 1, "time_to_churn": 6.365251476776385, "charge_ratio": 0.0271550745312645, "risk_behavior_score": 0.4681351685722253, "service_pain_index": 9.124305749210208, "value_density": 50.6926195611584, "treatment_value_ratio": 0.0, "churn_probability": 0.9891169667243958, "churn_prediction": 1, "p_if_treated": 0.06335437297821045, "p_if_control": 0.6108759045600891, "uplift_score": 0.5475215315818787, "best_action": 1, "predicted_time_to_churn": 6.365251476776385, "risk_score_time": 4.341692280958279, "risk": 0.9891169667243958, "uplift": 0.5475215315818787, "urgency_score": 0.6859695045284981}, {"customer_id": 3910, "age": 36, "tenure": 7, "plan_type": "plus", "monthly_usage": 62.44847885696501, "engagement_score": 0.2892157818601832, "complaints": 1, "payment_delay": 14.846523990130084, "usage_volatility": 0.7969404631286338, "shock_flag": 0, "treatment_flag": 0, "discount_percent": 0, "CLV": 883.3585088795411, "retention_cost": 30.114725597695468, "churn": 1, "time_to_churn": 5.7932033607029805, "charge_ratio": 0.0706144377307858, "risk_behavior_score": 0.5664527039888694, "service_pain_index": 14.846523990130084, "value_density": 110.41981360994264, "treatment_value_ratio": 0.0, "churn_probability": 0.9460829496383667, "churn_prediction": 1, "p_if_treated": 0.18513116240501404, "p_if_control": 0.7832925915718079, "uplift_score": 0.5981614589691162, "best_action": 1, "predicted_time_to_churn": 5.7932033607029805, "risk_score_time": 4.740213368619723, "risk": 0.9460829496383667, "uplift": 0.5981614589691162, "urgency_score": 0.6819310919357626}, {"customer_id": 2746, "age": 26, "tenure": 58, "plan_type": "basic", "monthly_usage": 72.76969507135443, "engagement_score": 0.4850508859942342, "complaints": 0, "payment_delay": 8.000215671894873, "usage_volatility": 0.9951382024986444, "shock_flag": 0, "treatment_flag": 1, "discount_percent": 10, "CLV": 8346.475729322898, "retention_cost": 23.60556904434776, "churn": 1, "time_to_churn": 22.996371873175736, "charge_ratio": 0.0087175689311356, "risk_behavior_score": 0.5124455356899673, "service_pain_index": 0.0, "value_density": 141.46569032750674, "treatment_value_ratio": 0.0011979669452493, "churn_probability": 0.963934600353241, "churn_prediction": 1, "p_if_treated": 0.13341297209262848, "p_if_control": 0.7687868475914001, "uplift_score": 0.6353738903999329, "best_action": 1, "predicted_time_to_churn": 22.996371873175736, "risk_score_time": 1.74074127580228, "risk": 0.963934600353241, "uplift": 0.6353738903999329, "urgency_score": 0.6809140605866623}, {"customer_id": 577, "age": 56, "tenure": 6, "plan_type": "plus", "monthly_usage": 37.17787441093982, "engagement_score": 0.2346130819221436, "complaints": 3,