{"status": "ok", "avg_time_to_churn": 224.85273083746355, "min_time_to_churn": 1.0369580700443524, "urgent_customers": [{"customer_id": 3447, "age": 72, "tenure": 13, "plan_type": "basic", "monthly_usage": 46.38946142229035, "engagement_score": 0.3877180175890646, "complaints": 3, "payment_delay": 9.541712186675111, "usage_volatility": 0.7038686541253535, "shock_flag": 1, "treatment_flag": 0, "discount_percent": 0, "CLV": 1256.843168741061, "retention_cost": 77.73611477006153, "churn": 1, "time_to_churn": 2.0583296083668152, "tenure_years": 1.0833333333333333, "churn_probability": 0.9922269582748413, "churn_prediction": 1, "p_if_treated": 0.09531114250421524, "p_if_control": 0.7255628705024719, "uplift_score": 0.6302517056465149, "best_action": 1, "predicted_time_to_churn": 2.0583296083668152, "risk_score_time": 12.339735289783679, "risk": 0.9922269582748413, "uplift": 0.6302517056465149, "urgency_score": 0.7505841837301541}, {"customer_id": 1983, "age": 55, "tenure": 69, "plan_type": "premium", "monthly_usage": 58.69366770670771, "engagement_score": 0.2878618599102512, "complaints": 1, "payment_delay": 2.6946670638822288, "usage_volatility": 0.8814617083697632, "shock_flag": 1, "treatment_flag": 0, "discount_percent": 0, "CLV": 8059.699791333306, "retention_cost": 95.06094277755176, "churn": 1, "time_to_churn": 4.002106751503894, "tenure_years": 5.75, "churn_probability": 0.9608649015426636, "churn_prediction": 1, "p_if_treated": 0.10546697676181793, "p_if_control": 0.8503944277763367, "uplift_score": 0.7449274659156799, "best_action": 1, "predicted_time_to_churn": 4.002106751503894, "risk_score_time": 6.99051375572907, "risk": 0.9608649015426636, "uplift": 0.7449274659156799, "urgency_score": 0.7438938615138502}, {"customer_id": 3817, "age": 58, "tenure": 69, "plan_type": "premium", "monthly_usage": 61.92389026510918, "engagement_score": 0.1334550693284379, "complaints": 1, "payment_delay": 2.3770897680504084, "usage_volatility": 0.6457731545733474, "shock_flag": 1, "treatment_flag": 0, "discount_percent": 0, "CLV": 8562.659324266684, "retention_cost": 49.426989939487, "churn": 1, "time_to_churn": 4.7498621648853785, "tenure_years": 5.75, "churn_probability": 0.9816346764564514, "churn_prediction": 1, "p_if_treated": 0.07101650536060333, "p_if_control": 0.7914242744445801, "uplift_score": 0.7204077839851379, "best_action": 1, "predicted_time_to_churn": 4.7498621648853785, "risk_score_time": 5.912158222943567, "risk": 0.9816346764564514, "uplift": 0.7204077839851379, "urgency_score": 0.741723139766457}, {"customer_id": 3563, "age": 74, "tenure": 11, "plan_type": "plus", "monthly_usage": 64.85187180339224, "engagement_score": 0.2785332338659627, "complaints": 0, "payment_delay": 5.055786284673768, "usage_volatility": 0.9351270509575684, "shock_flag": 1, "treatment_flag": 0, "discount_percent": 0, "CLV": 1344.769684327158, "retention_cost": 140.6435798342588, "churn": 1, "time_to_churn": 3.762284319599482, "tenure_years": 0.9166666666666666, "churn_probability": 0.9845041036605835, "churn_prediction": 1, "p_if_treated": 0.19296857714653015, "p_if_control": 0.8802396059036255, "uplift_score": 0.687270998954773, "best_action": 1, "predicted_time_to_churn": 3.762284319599482, "risk_score_time": 7.309103679952521, "risk": 0.9845041036605835, "uplift": 0.687270998954773, "urgency_score": 0.7404299921637414}, {"customer_id": 5888, "age": 42, "tenure": 2, "plan_type": "basic", "monthly_usage": 71.4783359566177, "engagement_score": 0.1648659873272865, "complaints": 1, "payment_delay": 8.003462867436625, "usage_volatility": 0.9340482623139456, "shock_flag": 0, "treatment_flag": 0, "discount_percent": 0, "CLV": 309.2466473932421, "retention_cost": 143.48510452959846, "churn": 1, "time_to_churn": 3.435627748964542, "tenure_years": 0.1666666666666666, "churn_probability": 0.9814774394035339, "churn_prediction": 1, "p_if_treated": 0.24990370869636536, "p_if_control": 0.9014725685119629, "uplift_score": 0.6515688896179199, "best_action": 1, "predicted_time_to_churn": 3.435627748964542, "risk_score_time": 7.969014046194773, "risk": 0.9814774394035339, "uplift": 0.6515688896179199, "urgency_score": 0.7312988271084506}, {"customer_id": 2438, "age": 40, "tenure": 69, "plan_type": "premium", "monthly_usage": 58.1548119242091, "engagement_score": 0.4267782248621067, "complaints": 3, "payment_delay": 9.678569576013164, "usage_volatility": 0.8497847491411552, "shock_flag": 0, "treatment_flag": 0, "discount_percent": 0, "CLV": 8044.081689527546, "retention_cost": 118.27911314123352, "churn": 1, "time_to_churn": 2.858924530563709, "tenure_years": 5.75, "churn_probability": 0.9823262095451355, "churn_prediction": 1, "p_if_treated": 0.2938840389251709, "p_if_control": 0.8957056999206543, "uplift_score": 0.6018216609954834, "best_action": 1, "predicted_time_to_churn": 2.858924530563709, "risk_score_time": 9.344124634161737, "risk": 0.9823262095451355, "uplift": 0.6018216609954834, "urgency_score": 0.7235375088555743}, {"customer_id": 4284, "age": 67, "tenure": 31, "plan_type": "plus", "monthly_usage": 26.399795755913903, "engagement_score": 0.3885633603090691, "complaints": 2, "payment_delay": 7.971056575054913, "usage_volatility": 0.9277462035788062, "shock_flag": 1, "treatment_flag": 1, "discount_percent": 30, "CLV": 1694.8912611609671, "retention_cost": 61.509998441847, "churn": 0, "time_to_churn": 3.393254037340907, "tenure_years": 2.583333333333333, "churn_probability": 0.979314923286438, "churn_prediction": 1, "p_if_treated": 0.11937602609395981, "p_if_control": 0.7419779300689697, "uplift_score": 0.6226019263267517, "best_action": 1, "predicted_time_to_churn": 3.393254037340907, "risk_score_time": 8.078273248593792, "risk": 0.979314923286438, "uplift": 0.6226019263267517, "urgency_score": 0.7219623757426673}, {"customer_id": 17, "age": 20, "tenure": 12, "plan_type": "plus", "monthly_usage": 34.79591236468297, "engagement_score": 0.855240070511887, "complaints": 2, "payment_delay": 5.635739554838346, "usage_volatility": 0.7648634901018825, "shock_flag": 1, "treatment_flag": 0, "discount_percent": 0, "CLV": 792.2686294665198, "retention_cost": 105.22518893894116, "churn": 1, "time_to_churn": 7.617231530753592, "tenure_years": 1.0, "churn_probability": 0.9880596995353699, "churn_prediction": 1, "p_if_treated": 0.14072878658771515, "p_if_control": 0.8203575015068054, "uplift_score": 0.6796287298202515, "best_action": 1, "predicted_time_to_churn": 7.617231530753592, "risk_score_time": 3.7600617025854897, "risk": 0.9880596995353699, "uplift": 0.6796287298202515, "urgency_score": 0.7211277849133928}, {"customer_id": 5069, "age": 37, "tenure": 41, "plan_type": "plus", "monthly_usage": 76.42252840238004, "engagement_score": 0.0658690046718652, "complaints": 1, "payment_delay": 2.445622626601307, "usage_volatility": 0.8407805189478531, "shock_flag": 1, "treatment_flag": 0, "discount_percent": 0, "CLV": 6214.835001084025, "retention_cost": 149.9708057358603, "churn": 1, "time_to_churn": 2.9108761656100848, "tenure_years": 3.4166666666666665, "churn_probability": 0.9873962998390198, "churn_prediction": 1, "p_if_treated": 0.19577789306640625, "p_if_control": 0.7830982804298401, "uplift_score": 0.5873203873634338, "best_action": 1, "predicted_time_to_churn": 2.9108761656100848, "risk_score_time": 9.152092988889024, "risk": 0.9873962998390198, "uplift": 0.5873203873634338, "urgency_score": 0.721033713697849}, {"customer_id": 5565, "age": 27, "tenure": 54, "plan_type": "premium", "monthly_usage": 73.86253000890457, "engagement_score": 0.8279099909913196, "complaints": 4, "payment_delay": 6.087831293941644, "usage_volatility": 0.35199012851095, "shock_flag": 0, "treatment_flag": 0, "discount_percent": 0, "CLV": 8032.958635091495, "retention_cost": 112.3059539482886, "churn": 1, "time_to_churn": 13.924228197143274, "tenure_years": 4.5, "churn_probability": 0.9900173544883728, "churn_prediction": 1, "p_if_treated": 0.15953195095062256, "p_if_control": 0.8672769665718079,