{"status": "ok", "avg_time_to_churn": 400.48212133013726, "min_time_to_churn": 2.257767838667167, "urgent_customers": [{"customer_id": 743, "age": 57, "tenure": 64, "plan_type": "plus", "monthly_usage": 82.69765351817124, "engagement_score": 0.1423058792290669, "complaints": 3, "payment_delay": 0.5011617297898595, "usage_volatility": 0.5538990031029405, "shock_flag": 1, "treatment_flag": 1, "discount_percent": 30, "CLV": 10000.0, "retention_cost": 144.43012913797327, "churn": 1, "time_to_churn": 11.587402117158922, "charge_ratio": 0.0082689384579713, "risk_behavior_score": 0.4750759184622729, "service_pain_index": 1.5034851893695786, "value_density": 153.84615384615384, "treatment_value_ratio": 0.002999700029997, "churn_probability": 0.9840366244316101, "churn_prediction": 1, "p_if_treated": 0.03889469802379608, "p_if_control": 0.7446960806846619, "uplift_score": 0.7058013677597046, "best_action": 1, "predicted_time_to_churn": 11.587402117158922, "risk_score_time": 2.7106078151861217, "risk": 0.9840366244316101, "uplift": 0.7058013677597046, "urgency_score": 0.719647618688585}, {"customer_id": 9702, "age": 44, "tenure": 13, "plan_type": "premium", "monthly_usage": 59.795884620034926, "engagement_score": 0.1454312512732288, "complaints": 0, "payment_delay": 5.534665602242066, "usage_volatility": 0.9043251271687996, "shock_flag": 0, "treatment_flag": 0, "discount_percent": 0, "CLV": 1565.54061582984, "retention_cost": 79.05748317599887, "churn": 1, "time_to_churn": 14.396726584752, "charge_ratio": 0.0381706570616807, "risk_behavior_score": 0.7728079923668194, "service_pain_index": 0.0, "value_density": 111.82432970213142, "treatment_value_ratio": 0.0, "churn_probability": 0.9886916875839233, "churn_prediction": 1, "p_if_treated": 0.20607325434684753, "p_if_control": 0.8987895846366882, "uplift_score": 0.6927163600921631, "best_action": 1, "predicted_time_to_churn": 14.396726584752, "risk_score_time": 2.3114393427249715, "risk": 0.9886916875839233, "uplift": 0.6927163600921631, "urgency_score": 0.7151505497474789}, {"customer_id": 2742, "age": 71, "tenure": 28, "plan_type": "basic", "monthly_usage": 31.44327682703025, "engagement_score": 0.9420525536147154, "complaints": 3, "payment_delay": 21.18229613762777, "usage_volatility": 0.8309090682836029, "shock_flag": 0, "treatment_flag": 0, "discount_percent": 0, "CLV": 1749.4232401830602, "retention_cost": 29.73811992901672, "churn": 1, "time_to_churn": 5.549240830580306, "charge_ratio": 0.0179632423206069, "risk_behavior_score": 0.0481490586854108, "service_pain_index": 63.546888412883305, "value_density": 60.32493931665725, "treatment_value_ratio": 0.0, "churn_probability": 0.9487771987915039, "churn_prediction": 1, "p_if_treated": 0.11472765356302261, "p_if_control": 0.8126280307769775, "uplift_score": 0.6979003548622131, "best_action": 1, "predicted_time_to_churn": 5.549240830580306, "risk_score_time": 4.966333354731253, "risk": 0.9487771987915039, "uplift": 0.6979003548622131, "urgency_score": 0.7142966262571483}, {"customer_id": 8655, "age": 30, "tenure": 5, "plan_type": "plus", "monthly_usage": 30.38242956691513, "engagement_score": 0.4655008947668211, "complaints": 2, "payment_delay": 8.970673218705944, "usage_volatility": 0.9306154638232628, "shock_flag": 1, "treatment_flag": 0, "discount_percent": 0, "CLV": 293.8851524035398, "retention_cost": 142.58222238239216, "churn": 1, "time_to_churn": 4.503804387708329, "charge_ratio": 0.103031398221562, "risk_behavior_score": 0.4974131327296937, "service_pain_index": 17.941346437411887, "value_density": 48.9808587339233, "treatment_value_ratio": 0.0, "churn_probability": 0.9675303101539612, "churn_prediction": 1, "p_if_treated": 0.18697300553321838, "p_if_control": 0.7793868184089661, "uplift_score": 0.5924137830734253, "best_action": 1, "predicted_time_to_churn": 4.503804387708329, "risk_score_time": 6.180919152621572, "risk": 0.9675303101539612, "uplift": 0.5924137830734253, "urgency_score": 0.697827808653914}, {"customer_id": 5391, "age": 25, "tenure": 3, "plan_type": "plus", "monthly_usage": 57.12029651007975, "engagement_score": 0.2954463891734422, "complaints": 0, "payment_delay": 9.67282888783804, "usage_volatility": 0.6260521877134467, "shock_flag": 0, "treatment_flag": 0, "discount_percent": 0, "CLV": 341.7949587678503, "retention_cost": 33.70083976685917, "churn": 1, "time_to_churn": 14.45327424722319, "charge_ratio": 0.1666310867446656, "risk_behavior_score": 0.4410873294193748, "service_pain_index": 0.0, "value_density": 85.44873969196257, "treatment_value_ratio": 0.0, "churn_probability": 0.9710743427276611, "churn_prediction": 1, "p_if_treated": 0.1234644278883934, "p_if_control": 0.7876609563827515, "uplift_score": 0.6641965508460999, "best_action": 1, "predicted_time_to_churn": 14.45327424722319, "risk_score_time": 2.303182794970868, "risk": 0.9710743427276611, "uplift": 0.6641965508460999, "urgency_score": 0.6977383955283903}, {"customer_id": 3863, "age": 63, "tenure": 13, "plan_type": "plus", "monthly_usage": 36.52326904405808, "engagement_score": 0.248532854154321, "complaints": 1, "payment_delay": 2.20942496150299, "usage_volatility": 0.6369049163164576, "shock_flag": 1, "treatment_flag": 0, "discount_percent": 0, "CLV": 922.1660594279268, "retention_cost": 41.46292072763293, "churn": 1, "time_to_churn": 11.955925414004732, "charge_ratio": 0.0395630544158989, "risk_behavior_score": 0.4786131196394094, "service_pain_index": 2.20942496150299, "value_density": 65.86900424485192, "treatment_value_ratio": 0.0, "churn_probability": 0.9651877880096436, "churn_prediction": 1, "p_if_treated": 0.0448610819876194, "p_if_control": 0.7036126852035522, "uplift_score": 0.6587516069412231, "best_action": 1, "predicted_time_to_churn": 11.955925414004732, "risk_score_time": 2.633759724900077, "risk": 0.9651877880096436, "uplift": 0.6587516069412231, "urgency_score": 0.695656363947879}, {"customer_id": 5588, "age": 35, "tenure": 20, "plan_type": "premium", "monthly_usage": 59.71402828473696, "engagement_score": 0.2961691985693185, "complaints": 1, "payment_delay": 5.556484936382966, "usage_volatility": 0.7594191367959339, "shock_flag": 1, "treatment_flag": 0, "discount_percent": 0, "CLV": 2401.5198006971896, "retention_cost": 90.23281758212406, "churn": 1, "time_to_churn": 7.9531401338261585, "charge_ratio": 0.0248547496954691, "risk_behavior_score": 0.5345025796728785, "service_pain_index": 5.556484936382966, "value_density": 114.35808574748522, "treatment_value_ratio": 0.0, "churn_probability": 0.9840825796127319, "churn_prediction": 1, "p_if_treated": 0.16774477064609528, "p_if_control": 0.7670230865478516, "uplift_score": 0.5992783308029175, "best_action": 1, "predicted_time_to_churn": 7.9531401338261585, "risk_score_time": 3.632187831529617, "risk": 0.9840825796127319, "uplift": 0.5992783308029175, "urgency_score": 0.6941633440648118}, {"customer_id": 3276, "age": 56, "tenure": 10, "plan_type": "premium", "monthly_usage": 92.35967667987522, "engagement_score": 0.239050121617501, "complaints": 1, "payment_delay": 2.845316592140187, "usage_volatility": 0.9974974721405778, "shock_flag": 1, "treatment_flag": 0, "discount_percent": 0, "CLV": 1796.7074539234936, "retention_cost": 95.54021746904166, "churn": 1, "time_to_churn": 6.844847844855023, "charge_ratio": 0.051376366314942, "risk_behavior_score": 0.7590455801122229, "service_pain_index": 2.845316592140187, "value_density": 163.33704126577214, "treatment_value_ratio": 0.0, "churn_probability": 0.9761983156204224, "churn_prediction": 1, "p_if_treated": 0.11243917047977448, "p_if_control": 0.7066654562950134, "uplift_score": 0.5942263007164001, "best_action": 1, "predicted_time_to_churn": 6.844847844855023, "risk_score_time": 4.06473870550721, "risk": 0.9761983156204224, "uplift": 0.5942263007164001, "urgency_score": 0.6918614936427228}, {"customer_id": 1893, "age": 26, "tenure": 12, "plan_type": "premium", "monthly_usage": 30.06031722121949, "engagement_score": 0.3690672531112012, "complaints": 2,